,date,keywords,lat,lng
0,2018-04-07 18:08:11,award winning international boylesque stars bring quirky brand new french inspired cabaret experience oui oui stars luminous pariah paris original trojan original moscato extatique pictured april,39.748099,-104.995687
1,2016-07-03 04:03:31,kinging danger zone boylesque show,30.2955093,-97.7417374
2,2016-07-15 02:06:31,tonight boylesque daily jocks present pyjama party gh hotel come,-37.8683228,144.9869225
3,2016-09-30 01:02:22,excited performing new boylesque material showqueen party tonight,-33.8802699,151.21643069
4,2018-08-20 21:19:39,thank mattknife homoerectusboylesquenyc stonewall original,40.73620897,-74.00324392
5,2015-10-27 15:37:48,new event biore bang broadway beauties boylesque ave arts seattle wa,47.615469,-122.31685
6,2018-06-02 23:10:04,tonight agt starring burlesque boylesque amp variety award winning clocktower clockettes sprinkled appearances colorado world best comedians musicians puppets belly dancers magicians aerialists guest stars,39.748099,-104.995687
7,2015-04-14 22:44:16,love pic come gtb weekend first boylesque thunderballs opens saturday,41.916544,-87.686528
8,2017-10-24 10:16:44,lady mister punch boylesque photos,43.7769374,11.24767134
9,2016-07-06 15:34:17,announced everybody rise broadway boylesque feat evan morton max clayton corey,40.74308064,-74.00569518
10,2017-10-01 02:40:41,found danger zone boylesque two years check got,30.2955093,-97.7417374
11,2018-01-19 00:56:03,aerial boylesque burlesque circus fire hoop magic showgirl sideshow songbirds variety,34.0221,-118.481
12,2015-06-12 20:13:54,san francisco get harder boylesque legend amp nights,40.92104887,-73.77581262
13,2016-09-09 15:10:25,boylesque always amaze quite without gh hotel,-37.8683228,144.9869225
14,2018-07-30 01:32:38,breakfast sausage boylesque,34.00018765,-118.48210608
15,2016-10-28 16:04:23,tomorrow la featuring dollpartsband wes would boylesque,34.0839199,-118.2742995
16,2018-06-10 21:35:40,boylesque bullfight good,40.70611,-73.92348
17,2016-08-05 22:45:54,boylesque gh hotel,-37.8683228,144.9869225
18,2015-07-26 02:02:21,boylesque yes feel like bachelorette party bridges,40.7031441,-73.9914322
19,2015-06-13 09:07:59,boylesque triple door,47.60871505,-122.33740195
20,2019-05-28 14:56:05,celebrating years homo erectus boylesque join us saturday june celebrate hosted wilfredo starring le petit dum dum munroe lilly crimson kitty matt knife,40.73379,-74.00215
21,2019-04-10 14:44:20,matt knife presents matt knife baron boylesque takes stage saturday april new homo erectus boylesque mattknife,40.73379,-74.00215
22,2015-04-10 15:12:42,boylesque greyhound nightclub,-37.86813648,144.98695426
23,2015-03-29 22:50:13,dd thunderballs james bond boylesque opening saturday april tickets,41.91636995,-87.68680668
24,2019-02-08 01:21:42,hold hand alright good tonight high wild free chanel hunter boylesque,36.10548,-115.15166
25,2018-06-29 22:21:36,get whole lot hotter boys summer boylesque comedy cocktails tonight performances bryan circus knight matzo mcballs willie wonthe burning loins dr bones tovio warren brody danger amp appearances bella diva boys,39.748099,-104.995687
26,2016-09-30 02:55:28,gotten chance see bourbon boylesque yet,29.95950888,-90.06485038
27,2017-01-29 05:35:38,boylesque ftw theatre jackson,47.59886,-122.32396
28,2018-12-05 17:49:05,matt knife baron boylesque amazing cast homo erectus boylesque invite sunday celebrate holigayz drink min,40.73379,-74.00215
29,2018-12-29 23:20:55,waiting train boylesque,40.4,-3.68333
30,2018-11-18 18:14:06,naughty pierre burlesque amp comedy extravaganza thursdays vintage modern classic comic burlesque boylesque variety award winning clocktower clockettes accompanied denver popular pianist sidekick larry wegner baby grand,39.748099,-104.995687
31,2017-11-18 21:39:29,sexy know ny boylesque festival believe christopher gagliardi photography,40.74294,-74.00569
32,2018-12-07 02:42:20,save holidate boylesque holiday bump amp grind special guest cherry cola rock n,43.6477999,-79.40447
33,2015-11-17 03:12:50,new york november boylesque annual surrealist ball,40.7338524,-74.002037
34,2016-06-24 00:21:06,forgot place tonight boylesque fridays gh hotel dean list,-37.86815453,144.98710044
35,2019-05-19 03:19:59,celebrating years homo erectus boylesque join us saturday june celebrate stonewall inn,40.73379,-74.00215
36,2019-01-01 02:38:16,nye boylesque speakeasy emilyh oproductions tap room,42.24083937,-83.61483119
37,2018-08-30 14:15:02,get back give picture cheeky spell burlesque night show florence produced viola pan k amp mr punch mister punch boylesque support,43.76962536,11.25482933
38,2016-12-19 19:25:13,aunz brawn beauty boylesque briefs australia queen avant garde drag dallas,-33.36264966,151.3394165
39,2017-11-11 23:28:46,chanel hunter boylesque boylesquedrag fest,42.28376656,-83.74742265
40,2016-08-05 22:41:25,boylesque never disappoints gh hotel,-37.8683228,144.9869225
41,2018-10-23 17:27:15,bringing dark magic sultry moves cirque sexualle stage amazing boricua boylesque performer damon rebell slay sensuality still,34.0522,-118.243
42,2016-04-14 06:30:25,con boylesque,43.6603864,-79.4321043
43,2017-02-04 03:10:57,boylesque uptown underground chicago il,41.96784488,-87.65882828
44,2015-11-10 01:38:43,new event boylesque ben mann annoyance theatre amp bar chicago il,41.939691,-87.651316
45,2017-08-12 16:37:09,rawr delighted hosting matt knife homo erectus boylesque nyc cub soda,40.73369586,-74.00222347
46,2019-05-18 23:28:50,celebrating years homo erectus boylesque join us saturday june celebrate stonewall inn,40.73379,-74.00215
47,2019-04-10 14:43:12,matt knife presents matt knife baron boylesque takes stage saturday april new homo erectus boylesque mattknife,40.73379,-74.00215
48,2018-11-14 15:41:00,eyelucius babies made trixie minx bourbon boylesque,29.95951,-90.06469
49,2016-04-30 00:26:26,setup tonight boylesque compact still fabulous triple door,47.60864,-122.33769
50,2018-09-16 17:01:29,gentlemansclubto wednesday another boylesque wednesday humpday bump amp grind got marcusterritory believe devil,43.6477999,-79.40447
51,2018-02-23 17:39:29,taking gay boylesque camden tomorrow debut new variety extravaganza come,51.541,-0.1433
52,2018-07-21 19:38:19,says really soca music kiss chick goodbye new handle community ya call di culture king boylesque,43.7166,-79.3407
53,2018-04-15 01:56:08,boylesque rebecca triple door,47.60864,-122.33769
54,2017-01-19 14:57:01,friday get wolfe bull legend one grand boylesque revue,43.66319419,-79.38325652
55,2019-06-06 16:15:57,celebrating years homo erectus boylesque join us saturday june celebrate hosted wilfredo thegreatwilfredo,40.73379,-74.00215
56,2019-05-10 19:49:02,weekend pensacola fl always brand new show ya featuring sideshow burlesque acrobatics amp boylesque,30.4127108,-87.2151833
57,2016-10-25 14:44:16,beyond thrilled announce performing boylesque bourbon brash new,34.10097058,-118.32555943
58,2017-09-23 04:21:48,oh big deal got watch boylesque hero mine perform new york burlesque,40.72206,-73.95755
59,2016-10-14 23:22:30,bombshell babes channeling boylesque alter ego last nights special draglesque class,45.4475631,-75.6502823
60,2015-06-18 23:52:15,homo erectus boylesque anniversary show lisa frank threw stonewallnyc,40.73370076,-74.00221457
61,2016-07-20 14:16:16,never know might see boylesque bingo come tap room saturday check,42.24077,-83.61474
62,2016-04-10 01:42:20,boylesque royal revue april join us night men,41.57138105,-81.57044455
63,2016-06-10 22:20:21,time nyc boylesque festival houseofyes pal regina georgie,40.70686,-73.92353
64,2016-04-16 11:10:36,le cabaret burlesque bravo aux effeuilleuses et boylesque animation au top,48.851482,2.349982
65,2016-08-06 03:36:51,super villians never looked good boylesque greyhound hotel,-37.86831,144.98676
66,2018-03-31 19:23:14,new characters coming stay diva beloved mister punch boylesque,43.79075,11.23407
67,2018-11-13 03:47:07,gentlemansclubto wednesday full cast boylesque bump amp grind doors show guest host performer,43.6477999,-79.40447
68,2016-12-16 16:28:41,jack frost look last night danger zone boylesque fun,30.2955093,-97.7417374
69,2016-06-18 09:06:00,boylesque boys best deanchunko mel wilson,-37.86815453,144.98710044
70,2019-06-22 01:44:32,scenes first segment boylesque tonight drink coffee whiskey social,43.66417,-79.38006
71,2019-06-12 18:35:00,performer spotlight alexander great king international award winning aerialist acrobat boylesque dancer co producer boiz austin instructor austin academy,30.22717,-97.7628
72,2015-04-11 19:51:14,dd thunderballs james bond boylesque opens one week get tickets,41.91636995,-87.68680668
73,2014-12-19 11:37:34,mansfield brothers rehearsing boylesque olympics,43.69895407,-79.38177901
74,2016-08-27 00:45:11,burlesque boylesque,44.6528657,-63.58474166
75,2018-07-13 19:20:51,smiling sunshine peeps come anniversary party tonight huge shout fabulous atlanta boylesque amp burlesque,33.77189542,-84.35275921
76,2017-09-20 21:09:28,catch weekend friday burlesque vs boylesque,45.5160217,-73.5777206
77,2017-10-04 01:31:39,danielnardicioproductions get repost coming november ny boylesque,40.74294,-74.00569
78,2018-06-07 21:05:20,boylesque peterserockivisuals,41.94991867,-87.64904575
79,2018-11-30 22:03:28,gr time working troyboy entertainment drinkatthedrink boylesque review last night debuted two new acts seen must,43.66417,-79.38006
80,2016-10-08 02:14:41,werewolf realness first act danger zone boylesque come,30.2955093,-97.7417374
81,2018-10-27 05:25:37,meow weekend got breakfast sausage boylesque starring noon brunch show featuring male performers come see ladies,33.9167,-118.40595
82,2018-08-17 21:41:00,tonight night wait perform chanel hunter boylesque london lockhart necto nightclub,42.27920663,-83.74252799
83,2019-05-15 00:44:32,lil debuted last week pansycrazepeepshow giving sum cheerleader boylesque realness dawin,34.0450526,-118.2493872
84,2018-04-14 12:28:20,last night necto hope see everyone tonight boylesque tap room doors,42.2407684,-83.6147385
85,2014-11-26 11:03:06,venue boylesque ing wambam showing open saturday pedestal x,51.40591341,-0.14042697
86,2017-09-23 11:03:43,devine ladies night coming k ln devine teasers boylesque show called devine,50.936345,6.936908
87,2016-02-14 00:44:19,boylesque ing stonewall inn new york ny,40.73369431,-74.00212124
88,2018-08-24 22:12:46,ana eljovendolores louisfr presentan su boylesque las al cierre de aporte mil en casa kilele casa cultural,4.61784,-74.07402
89,2015-04-30 22:39:45,new event thunderballs james bond boylesque gorilla tango theatre chicago il,41.916468,-87.686668
90,2015-05-11 18:54:27,showgirls cover misssinaking minnie tonka boylesque festival vienna,48.19784464,16.3489965
91,2017-03-26 01:52:18,backstage boylesque,43.5454102,-80.2504883
92,2017-10-17 17:28:04,episode boylesque created truly meet lovely rify royalty,34.0450847,-118.252874
93,2017-01-14 03:36:31,glam godz boylesque minneapolis mn,44.98027063,-93.27176992
94,2016-11-01 22:27:26,tonight bourbon boylesque premiere male revue,29.95950888,-90.06485038
95,2018-05-24 00:45:20,champagne shuga nova dd honeybee back sexy sultry burlesque revue clocktower cabaret come enjoy new acts designed make blush closing night special guest star king boylesque evil hate monkey,39.748099,-104.995687
96,2014-12-01 08:36:55,man kinda wish beard manly figure could boylesque,45.4586277,-122.5209448
97,2017-02-06 02:31:57,excited new additions dangerzone boylesque looking forward boy oi yoing,30.2955093,-97.7417374
98,2016-06-07 00:01:25,waitin audition danger zone boylesque come,30.2955093,-97.7417374
99,2016-05-20 04:12:49,amazing snippet brotherhood boylesque killing,39.74814,-104.99567
100,2015-08-14 13:59:31,firefly themed boylesque,49.82654058,-97.19214061
101,2018-06-22 00:50:42,saturday first ever male breakfast sausage boylesque come hilarious sexy one kind daytime brunch show like get tickets amp table,34.0221,-118.481
102,2016-05-18 21:31:10,vienna boylesque festival,48.19777,16.34912
103,2017-10-30 16:13:50,next two weeks full fou york saturday annual new york boylesque,40.70686,-73.92353
104,2017-05-22 17:11:41,trump dump tonight slipper room boylesque protest slipper room nyc,40.72144508,-73.98862683
105,2015-10-27 15:41:17,new event biore bang broadway beauties boylesque ave arts seattle wa,47.615469,-122.31685
106,2018-09-18 19:05:24,works hard money beers steers queers boylesque act showcase homage texas past,30.267526,-97.736532
107,2016-12-19 19:25:08,aunz brawn beauty boylesque briefs australia queen avant garde drag dallas,-33.36264966,151.3394165
108,2015-11-10 01:42:50,new event boylesque ben mann annoyance theatre amp bar chicago il,41.939691,-87.651316
109,2017-10-22 17:41:16,great boylesque meezee,42.34171,-83.06014
110,2016-04-28 21:05:48,join thetripledoor tomorrow night second annual seattle boylesque festival,47.60864,-122.33769
111,2017-06-27 19:03:56,amazing boylesque star waxie moon taking century spin,47.6064,-122.331
112,2019-01-09 19:30:39,looking join cast chicago come charlies audition boylesque charlie chicago,41.94992,-87.64919
113,2016-01-15 10:08:17,toonarama fnp farewell boylesque going big one st kilda vic,-37.86831092,144.98679757
114,2018-12-11 17:23:12,burlesque boylesque variety award winning clocktower clockettes accompanied denver popular pianist sidekick larry wegner baby grand throughout every show hosted clocktower cabaret famous mustachioed emcee naughty pierre,39.748099,-104.995687
115,2017-11-27 02:46:54,throwback amp boylesque youngsters crossing paths hollywood,34.0488848,-118.2450913
116,2016-03-12 06:27:27,yaaaassss got kings happening boylesque kings tavern,39.71536968,-104.9872359
117,2015-11-01 16:24:26,le cabaret burlesque eu le droit un show halloween bourr humour avec un boylesque en parfaite,48.851482,2.349982
118,2018-09-02 18:09:18,belt tight hit high notes feel coming theweeknd feat daftpunk one favourite boylesque acts perform one soo much fun last sunday,43.65276,-79.4016
119,2019-04-13 15:01:57,saturday finally miss crimson kitty slay house host homo erectus boylesque join us tonight april doors drink,40.73379,-74.00215
120,2015-07-04 01:30:23,supporting fellow sky candies performing boylesque mmmhmm austin tx,30.25605535,-97.76312828
121,2015-05-13 04:07:06,one week contortionist amp boylesque performer mr diva joins us dr sketchy tickets,49.26541001,-123.10080596
122,2018-11-08 01:55:35,gentlemansclubto next wednesday boylesque bump amp grind new orleans burlesque festivals belle ball hosting performing also,43.6477999,-79.40447
123,2015-08-26 15:29:48,happy hump day one chance see one boylesque parody show see dd,41.9165382,-87.6865234
124,2016-12-11 01:57:32,amazing ben franklin homoerectusboylesquenyc,40.7336616,-74.00222215
125,2018-11-22 07:10:20,nice package holiday boylesque show bar,47.6166695,-122.3310782
126,2014-12-14 18:14:56,yippee headlining boylesque festival vienna spring yeah,47.68306563,-122.35649388
127,2017-11-06 18:54:14,flash great show last night boylesque bend mann,41.97968,-87.66791
128,2017-07-08 14:19:26,cannot space loved first ever boylesque experience,-12.45696626,130.8362821
129,2018-11-14 19:17:41,hey new york peeps catch performing starting thursday sinner kit kat cabaret two shows friday night annual nyc boylesque festival,40.7142,-74.0064
130,2019-06-07 01:29:20,vixen cabaret rewind performer spotlight white white st louis born raised boylesque entertainer likes think godfather hip hop burlesque manage live,38.60562025,-90.22319064
131,2015-08-09 13:01:31,burlesque boylesque arabesque esque maybe ex next wknd park theatre pls rt,49.82633169,-97.19216452
132,2015-04-30 22:44:23,new event thunderballs james bond boylesque gorilla tango theatre chicago il,41.916468,-87.686668
133,2018-09-08 20:10:35,homoerectusboylesquenyc get repost wtf almost time another homo erectus boylesque time go let peppercorn chantilly explain saturday,40.7142,-74.0064
134,2016-09-17 21:10:04,getting rehearsal bourbon boylesque get ready new orleans happening every tuesday,29.95950898,-90.06485024
135,2018-07-13 13:55:09,friday perform magickal untouched pocket qu bec eastern townships bringing boylesque extravaganza long weekend music theatre,45.12901,-71.9985
136,2018-09-25 02:28:06,thrilling audiences weekly performances since award winning clocktower clockettes dazzle vintage modern classic comic burlesque boylesque circus variety thursday p,39.748099,-104.995687
137,2015-01-05 03:30:36,first rehearsal tonight dd thunderballs james bond boylesque certainly ballin,41.91636424,-87.68679087
138,2015-06-21 17:55:05,please let boylesque become big thing ok thanks bye trafalgar square,51.50805556,-0.12805556
139,2017-02-12 00:34:23,next thursday filling guest mc therailsd diamond dogs boylesque,32.74679,-117.16076
140,2016-03-04 15:34:06,help journey vienna boylesque festival euro tour,48.2083,16.3731
141,2018-08-22 15:52:19,tonight gentlemansclubto first boylesque humpday bump amp grind guest ichabodfame cherry cola,43.6477999,-79.40447
142,2018-09-29 04:12:34,divas town clocktower cabaret supporting bella bro boylesque bones entire cast rocky horror picture show clocktower phenomenal job,39.74814,-104.99567
143,2019-03-09 20:03:19,get repost homo erectus boylesque saturday march door drink min hosted starring jamesgiantpasty stanqi sex,40.73379,-74.00215
144,2015-06-11 03:38:42,boylesque black rose,40.72644,-73.983612
145,2018-11-14 17:05:52,howdy dropping remind heyclaytaylor performing friday new york boylesque festival miss awesome show photo,40.72535415,-73.98340613
146,2015-11-10 01:37:37,new event boylesque ben mann annoyance theatre amp bar chicago il,41.939691,-87.651316
147,2015-04-30 22:38:27,new event thunderballs james bond boylesque gorilla tango theatre chicago il,41.916468,-87.686668
148,2016-04-30 06:11:52,ben delacreme seattle boylesque festival ahhhh,47.60864,-122.33769
149,2019-04-28 04:26:09,selfie two besties boylesque ball tonight blast janeelizs busy actually working join smoke break,35.08448,-106.6517985
150,2018-09-12 22:17:15,eat ms pacman looking cute boylesque chicago,41.883222,-87.632496
151,2017-06-19 01:24:02,danger zone boylesque friday june spiderhouse full length video find,30.2955093,-97.7417374
152,2017-09-26 15:06:58,gorgeousboylesque,40.74294,-74.00569
153,2016-09-24 16:11:42,hosting girls affair queens kings amp boylesque full bloom tonight,40.58949,-105.07749
154,2017-03-05 04:01:19,look backstage favorite boylesquer salem tx dangerzone boylesque,30.2955093,-97.7417374
155,2019-05-07 22:52:25,thank including bourbon boylesque top list hottest dancers personally proud included well need cook feel heat,29.95950018,-90.06480696
156,2017-10-22 14:39:55,mood messing around one mister punch boylesque,43.7833,11.25
157,2019-06-03 00:49:18,celebrating years homo erectus boylesque join us saturday june celebrate starring go go gadget,40.73379,-74.00215
158,2014-10-25 14:25:07,tonight icon presents weekly saturdaze debut boylesque,40.76151217,-73.92354727
159,2018-04-06 02:13:10,award winning international boylesque stars mod carousel bring quirky french inspired cabaret experience oui oui starring luminous pariah pictured paris original trojan original amp moscato extatique april,39.748099,-104.995687
160,2018-10-18 19:29:08,naughty pierre burlesque amp comedy extravaganza thursdays vintage modern classic comic burlesque boylesque variety award winning clocktower clockettes accompanied denver popular pianist sidekick larry wegner baby grand,39.748099,-104.995687
161,2018-09-20 21:05:29,traveling around world friday night grab boarding passes join us around world pasties burlesque boylesque circus acts,34.0221,-118.481
162,2017-11-18 02:26:33,check hot shot ny boylesque festival sure credit believe,40.74294,-74.00569
163,2019-04-16 02:54:46,show seven years making homo erectus features talented performers world boylesque drag magic variety etc catch us every second saturday,40.73379,-74.00215
164,2016-10-04 17:00:19,tuesday means time bourbon boylesque oz come time us,29.95950888,-90.06485038
165,2018-06-23 18:19:31,ready first ever breakfast sausage boylesque show come enjoy bottomless mimosas delicious food amazing entertainment strut stuff,34.0221,-118.481
166,2019-06-04 16:20:38,celebrating years homo erectus boylesque join us saturday june celebrate starring anthony grey,40.73379,-74.00215
167,2016-03-02 22:28:10,tonight come see selected vienna boylesque festival doors,40.70416,-73.93419
168,2014-11-26 10:46:39,boylesque,-37.8168968,144.9533882
169,2018-12-11 03:12:04,burlesque boylesque variety award winning clocktower clockettes accompanied denver popular pianist sidekick larry wegner baby grand throughout every show hosted clocktower cabaret famous mustachioed emcee naughty pierre,39.748099,-104.995687
170,2017-04-22 01:14:27,appropriate boylesque festival nwp buttons pasties triple door,47.60872361,-122.33738833
171,2019-04-12 17:13:24,mr jack barrow firecracker set explode tomorrow night homo erectus boylesque join us saturday april doors drink min,40.73379,-74.00215
172,2017-06-17 22:32:23,last night performance danger zone boylesque spiderhouse,30.2955093,-97.7417374
173,2016-03-20 21:47:13,premier cours de boylesque ils ont blouissants si,48.1145106,-1.67991689
174,2018-09-01 20:10:53,double dip two scoops two set gym two sets boylesque chicago got game show,41.883222,-87.632496
175,2015-04-11 04:00:11,great night boylesque,-37.86813648,144.98695426
176,2015-09-18 01:46:25,zomg boylesque raleigh nc,35.77696612,-78.63985434
177,2019-01-06 16:51:53,show every gorgeous creature fierce funny fab af acro dance amp performance art whole spectrum boylesque circus shenaniganerie go go go two nights,40.72969,-73.99778
178,2015-05-14 17:16:52,nd annual boylesque festival vienna,48.19784464,16.3489965
179,2016-11-25 15:34:22,backstage babin boylesque boys fuckin sexy thanks,-37.86832,144.98677
180,2018-08-24 15:57:06,time feeling performing one favorite drag numbers take clothes moving ballad cover boylesque,41.94992,-87.64919
181,2016-06-12 15:10:58,annual ny boylesque festival amazing circus dancing drag sexy guys,40.73974164,-73.98504135
182,2018-10-07 13:47:43,late nighting company xiv ferdinand boylesque bullfight company xiv,40.70611,-73.92348
183,2019-04-02 12:11:44,next boylesque night performer open start bar theatre ludo,34.6737039,135.5026856
184,2016-07-01 04:05:38,forget tonight night gh hotel cast boylesque providing,-37.86815453,144.98710044
185,2018-02-23 18:30:16,taking gay boylesque camden debut new variety extravaganza come,51.541,-0.1433
186,2016-08-10 00:04:11,actual loling socks boylesque best briefs second coming,55.95386786,-3.19259601
187,2017-08-10 21:47:16,saturday come boylesque bingo favorite queens email,42.24077,-83.61474
188,2015-05-24 02:39:46,boylesque pastie bar yeah goes something club imperial arnold missouri,38.39638185,-90.3749746
189,2019-02-08 21:58:49,coming stonewall inn tonight entertain dj lawsomeballs booth upstairs dj kristine homo erectus boylesque,40.73379,-74.00215
190,2018-04-17 22:54:31,special boylesque performances johnny sparks mama howl birthday bash,26.6013059,-81.87329292
191,2015-09-17 21:33:52,bad apple boylesque makes debut tonight doors open showtime,40.73370034,-74.0022148
192,2015-05-15 14:02:35,boylesque rehearsal underway miss show,48.197748,16.349216
193,2016-12-14 19:31:55,catch us tomorrow night thursday therailsd another boylesque show brining,32.74679,-117.16076
194,2019-06-03 14:33:21,celebrating years homo erectus boylesque join us saturday june celebrate starring munroe lilly munroelilly,40.73379,-74.00215
195,2019-01-04 11:28:39,spin moves cowboy boot roller skates bourbon boylesque every tuesday night camera work courtesy,29.95951,-90.06469
196,2018-08-25 00:37:59,wake smell sausage breakfast sausage boylesque back saturday morning better ever promo code sausage discount tickets link bio,34.0221,-118.481
197,2016-07-21 11:46:49,boylesque bingo back saturday tap room come join us reservation inbox,42.24077,-83.61474
198,2016-02-13 13:49:10,fun audience boylesque dave leicester comedy fest,52.6251183,-1.12657
199,2019-04-13 18:40:14,homo erectus boylesque join us saturday april doors drink min,40.73379,-74.00215
200,2015-03-22 03:19:35,poor gorgeousboylesque clothes,43.65527975,-79.41921199
201,2017-11-04 23:06:50,stage ready ny boylesque festival tonight,40.74294,-74.00569
202,2016-02-23 09:13:59,flying willy boylesque,50.84911505,4.34773081
203,2017-07-22 22:18:06,boylesque july,39.74814,-104.99567
204,2017-12-24 00:50:38,clock burlesque amp comedy show starring naughty pierre amp clocktower clockettes tonight starring vintage modern classic comic burlesque boylesque variety award winning clocktower clockettes,39.7480987,-104.9956871
205,2016-01-27 22:05:52,cannot wait boylesque part dave leicester comedy festival book tickets,52.6251183,-1.12657
206,2018-08-21 14:12:39,stop know mister punch boylesque performing next friday finland miss amazing event cannot wait photo,60.4495,22.268
207,2015-04-30 22:41:40,new event thunderballs james bond boylesque gorilla tango theatre chicago il,41.916468,-87.686668
208,2014-11-14 11:34:38,grey hound friday night boylesque mattiostenso dpdy k footscray,-37.79892073,144.89085279
209,2015-10-27 15:44:18,new event biore bang broadway beauties boylesque ave arts seattle wa,47.615469,-122.31685
210,2016-06-11 17:40:03,cast crew ny boylesque festival house yes,40.70686,-73.92353
211,2019-01-22 03:16:09,thursdays vintage modern classic comic burlesque boylesque variety award winning clocktower clockettes hosted naughty pierre accompanied denver popular pianist sidekick larry wegner baby grand,39.748099,-104.995687
212,2017-04-21 20:08:46,going slinging queer comics boylesque festival tonight going miss,47.58488,-122.14872
213,2016-05-19 11:37:24,match bathroom vienna boylesque festival,48.19777,16.34912
214,2019-06-08 20:15:00,celebrating years homo erectus boylesque join us saturday june celebrate starring veronica viper theveronicaviper,40.73379,-74.00215
215,2018-11-24 10:00:49,better get bed wake breakfast sausage boylesque brunch check seating show noon final show,34.01158,-118.49227
216,2016-12-09 23:32:48,amp boylesque gh melbourne ch ch choon,-37.86832,144.98677
217,2016-12-10 23:08:09,gonna long superfun night tonight homo erectus boylesque nyc,40.733725,-74.001659
218,2015-04-30 22:43:09,new event thunderballs james bond boylesque gorilla tango theatre chicago il,41.916468,-87.686668
219,2018-09-08 20:21:50,homoerectusboylesquenyc wtf almost time another homo erectus boylesque time go let peppercorn chantilly explain saturday,40.7142,-74.0064
220,2014-12-10 15:40:46,burlesque um pouquinho de boylesque c cultura lio amorim,-12.26420149,-38.94519963
221,2015-06-13 05:32:16,boylesque triple door,47.60871505,-122.33740195
222,2017-02-26 12:06:47,sunday mood mister punch boylesque,43.7833,11.25
223,2019-05-06 20:11:17,homo erectus boylesque drag saturday door drink min starring hosted,40.73379,-74.00215
224,2017-10-24 19:37:48,finale episode boylesque created truly meet lovely,34.0450847,-118.252874
225,2016-10-25 07:30:21,beyond thrilled announce performing boylesque bourbon brash new,34.10097058,-118.32555943
226,2018-02-23 18:27:06,come join french circus award winning international boylesque stars bring quirky brand new french inspired cabaret experience oui oui stars luminous pariah paris original trojan original moscato extatique,39.7480987,-104.9956871
227,2014-11-11 23:31:34,boylesque voil la emme fois que je vais les voir et je r gale du talent que du talent vous,43.419939,5.358332
228,2019-06-05 16:31:17,celebrating years homo erectus boylesque join us saturday june celebrate starring veronica viper theveronicaviper,40.73379,-74.00215
229,2015-08-12 22:58:31,lady witnessed birth captain kidd aka marqi marq aka boylesque boy wonder fluffy,51.50488452,-0.11790779
230,2015-12-18 07:19:20,caught new boylesque yet get tonight name door cheap vip,-37.8683243,144.9869232
231,2014-12-06 09:16:27,saw pretty ace boylesque today,-37.82423426,144.95462595
232,2017-05-17 01:33:24,bourbon boylesque getting ready start always happy work amazing,29.95950888,-90.06485038
233,2018-12-06 17:16:08,vintage modern classic comic burlesque boylesque variety performances award winning clocktower clockettes clock late nite burlesque amp comedy saturdays must valid id required door,39.748099,-104.995687
234,2017-12-22 14:47:53,boys boys boylesque cheeks boylesque group killed tonight,-19.26788,146.8073
235,2017-07-11 21:26:41,summer night burlesque amp boylesque show coming back august,52.18619732,21.00538858
236,2017-02-09 05:20:06,san diego boylesque diamond dogs week thursday catch fun show,32.74679,-117.16076
237,2018-01-09 17:10:13,weekly late night saturdays starring vintage modern classic comic burlesque boylesque variety award winning clocktower clockettes hosted clocktower cabaret famous mustachioed emcee naughty pierre,39.7480987,-104.9956871
238,2015-11-10 01:37:28,new event boylesque ben mann annoyance theatre amp bar chicago il,41.939691,-87.651316
239,2016-02-02 08:21:00,got wrapped time get messy boylesque outfits grow trees,30.26785671,-97.70634725
240,2017-01-03 22:09:33,tuesday means tonight bourbon boylesque come celebrate,29.95950888,-90.06485038
241,2017-11-01 19:29:09,homoerectusboylesquenyc tonight international boylesque performers moscatoextatique,40.73379,-74.00215
242,2017-08-04 14:08:27,casual thur night watching boylesque river sensational drag cabaret amp,51.50482829,-0.11809676
243,2018-01-03 06:17:06,boylesque bones show us costumes parade name broadway,39.74814,-104.99567
244,2017-09-16 21:11:40,boylesque bones coming blood,39.74814,-104.99567
245,2019-03-26 10:20:50,boylesque night performer shu next open start hp,34.6737039,135.5026856
246,2017-11-09 20:29:11,behind scenes ny boylesque festival kick party,40.72535415,-73.98340613
247,2019-06-06 04:09:09,houseofyesnyc amateur pride burlesque show got included boylesque act video evidence know house yes,40.70683897,-73.92358371
248,2018-08-21 03:07:15,wednesday gentlemansclubto boylesque humpday bump n grind cherrycolastoronto mc performer showtime,43.6477999,-79.40447
249,2017-02-15 10:03:01,boogie time sailor mister punch boylesque thanks luc genevaburlesquefestival,46.19398753,6.14346027
250,2019-04-11 14:44:52,dick move away long dick move returns stonewall stage new homo erectus boylesque join us saturday april doors,40.73379,-74.00215
251,2018-09-02 21:21:42,give devoted fans deserve feel coming theweeknd feat daftpunk one favourite boylesque acts perform one soo much fun last sunday,43.65276,-79.4016
252,2016-02-09 04:39:41,auditioned new boylesque troupe made cut first gig starts,30.2955093,-97.7417374
253,2018-02-25 00:11:16,vintage modern classic comic enjoy burlesque boylesque variety award winning clocktower clockettes hosted famous mustachioed emcee naughty pierre saturday nights p must,39.7480987,-104.9956871
254,2018-11-24 02:17:01,tomorrow final boylesque show incredible close big catch male brunch show breakfast sausage,34.01158,-118.49227
255,2017-03-17 03:30:11,rehearsal thesloeginfizz tonight boylesque potential,45.4,-71.8833
256,2018-10-16 16:51:10,frankycanga money exact come bourbon boylesque tonight oz free show best pants dancing city featuring,29.95951,-90.06469
257,2017-04-02 18:28:59,queerlesque glitter revue hosted shirley delta blow starring burlesque boylesque,39.74814,-104.99567
258,2018-01-17 23:44:06,boylesque disney edition tomorrow thursday therailsd come catch us,32.74679,-117.16076
259,2015-10-27 15:41:04,new event biore bang broadway beauties boylesque ave arts seattle wa,47.615469,-122.31685
260,2017-11-24 11:37:03,snapshots first boylesque thursday worek kosci bagatela show,52.2137699,21.0231299
261,2015-10-01 18:42:05,ready party tonight lovecraft bar doors show bands burlesque boylesque,40.7232208,-73.9828262
262,2018-03-17 18:28:06,friday april come join french circus award winning international boylesque stars bring quirky brand new french inspired cabaret experience oui oui stars luminous pariah paris original trojan original moscato extatique,39.7480987,-104.9956871
263,2018-05-01 17:08:16,cannot wait perform new duo mister punch boylesque creating,43.7833,11.25
264,2015-06-10 11:15:13,homosexual agenda screaming pixies pony ben brings us boylesque karen carpenter prayers adrian ryan,47.6054773,-122.33247834
265,2016-05-01 02:10:00,backstage magic last night boylesque fest triple door,47.60864,-122.33769
266,2015-06-13 01:01:06,tonight seattle boylesque fest bendelacreme performers around world,47.60871505,-122.33740195
267,2016-02-06 06:35:28,burlesque boylesque drag queens oh uptown underground chicago il,41.96784488,-87.65882828
268,2018-02-17 23:10:05,tonight clock burlesque show features bewitching burlesque boylesque bellydance belly laughs clocktower clockettes guest emcee sofia soubrette p,39.7480987,-104.9956871
269,2015-05-03 18:48:40,queerlesque course half full perfect budding performers boylesque drag neo burlesque,51.4833637,0.00331948
270,2017-05-04 00:05:20,miss amazing night boylesque bingo saturday tap room reservations,42.24103738,-83.61475141
271,2015-04-18 17:53:19,opening night gorilla tango first ever boylesque opens tonight come see us,41.916544,-87.686528
272,2017-09-23 11:00:14,brian back k ln germany boylesque burlesque adventures continue,50.936345,6.936908
273,2016-10-25 19:59:57,bourbon boylesque spot tuesday nights co produced hosted,29.95950888,-90.06485038
274,2017-06-23 16:33:50,burning loins boylesque cordially invites pool,39.74814,-104.99567
275,2016-05-18 22:30:21,e la prima serata andata super vienna boylesque festival,48.19777,16.34912
276,2015-05-07 23:06:46,stonewallnyc getting ready wild night burlesque boylesque drag queens,40.7337037,-74.00221171
277,2018-01-13 10:57:27,night showtunes boylesque one minute experimental electro party vibes next,-33.88579772,151.17486697
278,2019-05-27 18:22:23,rupaul drag con la day complete lexigags aliceedgeley chanel hunter boylesque bondstreetdental rupaul dragcon los angeles,34.04017695,-118.26978163
279,2019-03-12 21:18:22,tomorrow night performing dubarryshow march sydney special dubarry boylesque show,-33.88477,151.213
280,2018-07-02 05:57:21,looks tonight going janelle monae one boylesque members burning loins paramount denver,39.74448561,-104.99019141
281,2017-11-04 20:14:09,feel honored get sing new york boylesque festival tonight,40.74294,-74.00569
282,2018-08-20 23:52:00,wednesday gentlemansclubto cherrycolastoronto brand new night boylesque humpday bump n grind first one llyw nder legend dante,43.6477999,-79.40447
283,2016-06-15 20:25:46,favorited video harden reddy king boylesque,37.771007,-122.412694
284,2015-04-01 19:42:02,boylesque show gonzalo de laverga caffe atlantico,44.50687729,11.30647388
285,2019-03-06 19:36:16,excited headlining tease cleveland burlesque anniversary party king boylesque march cleveland,41.571411,-81.57044
286,2017-07-17 23:47:44,boylesque bones hanging backstage stunning miss orchid mei,39.74814,-104.99567
287,2018-06-24 03:15:43,caged bird freeeeeeee gorgeousboylesque backstage reykjavikkabarett,64.1333,-21.9333
288,2019-06-20 17:54:49,pride schedule thursday naked boys reading prism bootcamp prism toronto fly friday troyboy boylesque review troyboy entertainment drinkatthedrink dfmo,43.7166,-79.3407
289,2018-11-17 22:11:47,late nite burlesque amp comedy clock starring vintage modern classic comic burlesque boylesque variety award winning clocktower clockettes tonight show hosted bender flames,39.748099,-104.995687
290,2017-11-03 22:10:44,looking pretty dapper opening night ny boylesque festival tonight,40.72535415,-73.98340613
291,2015-02-06 13:42:43,see boylesque hope show gonna marvellous empyrian hotel,-31.948186,115.85667
292,2019-06-15 02:06:46,last nights oblational selfies last nights mr boylesque comp moons bar complete long shot notice shoes matched jacket congratulations mrfrenchie taking,-37.76908,144.998319
293,2017-09-14 04:10:04,ginnagem boylesque bones pineapple luxi maylirose give real cocktails,39.7081,-104.93456
294,2018-01-23 16:52:30,harry potter gone gay gettin boylesque tomorrow filthy,51.4860659,-0.121945
295,2016-04-29 01:51:55,store within bar come bar tonight boylesque bar seattle,47.61671,-122.33108
296,2017-06-19 05:49:34,werk called emergency showgirl queen boylesque drag,41.97968,-87.66791
297,2019-05-18 16:08:28,hard corey performing boylesque ten years nyc awkward silence burlesque representing misheard lyrics rock casbah clash hold closer tony danza,40.57465916,-73.98038689
298,2018-03-20 04:12:34,post show selfies macabre ventrigue kaycee dc boylesque risquemonday,35.58188,-82.60402
299,2014-11-10 17:00:09,boylesque ce f beau dr le professionnel vraiment un tr bon moment spectacle que je recommanderais,43.419939,5.358332
300,2017-06-20 22:30:01,huge crowd launch signing boylesque brother book,44.6429,-63.5753
301,2019-04-09 14:35:50,ready willing abel rey ro return stonewall stage new homo erectus boylesque join us saturday april doors drink min,40.73379,-74.00215
302,2015-11-10 01:40:30,new event boylesque ben mann annoyance theatre amp bar chicago il,41.939691,-87.651316
303,2019-06-15 09:24:04,boylesque theater ballet bgiirl cultured weekends complete bring alice state theatre melbourne,-37.82136007,144.96869358
304,2016-09-17 21:02:28,tuesday september premier bourbon boylesque come see,29.95950898,-90.06485024
305,2019-04-28 04:54:29,boylesque ball feat twist,35.08448,-106.6517985
306,2018-09-02 18:15:35,jeans really hinder dance moves feel coming theweeknd feat daftpunk one favourite boylesque acts perform one soo much fun last sunday,43.65276,-79.4016
307,2017-03-16 05:12:36,queen burlesque star boylesque performer headline year vibf cc,49.2814375,-123.12109067
308,2016-05-20 20:17:33,wonderful show vienna boylesque festival,48.19777,16.34912
309,2017-09-20 09:33:18,tropical love mister punch boylesque devilsinhighheelsfestival photo,50.85,4.35
310,2016-05-20 17:16:37,boylesque neo burlesque classic burlesque apply amsterdam burlesque award,52.3750551,4.93007096
311,2014-12-18 11:40:06,count wrong note rusty boylesque olympics,43.70106618,-79.38206436
312,2018-12-29 22:05:46,preparing boylesque time,40.44215,-3.67838
313,2014-10-25 14:26:32,tonight icon presents weekly saturdaze debut boylesque,40.76151217,-73.92354727
314,2017-07-31 02:49:10,nobody like boylesque bones,39.74814,-104.99567
315,2018-09-12 01:44:22,burlesque sister zyraleevanityofficial hits minutes show need thorwdown fill spot come boylesque,43.65276,-79.4016
316,2018-10-16 14:38:34,tomorrow monthly hump day gentlemansclubto show give boylesque halloween bump amp grind lineup ritaannto bradpuddin cover doors,43.6477999,-79.40447
317,2015-06-28 21:59:12,boylesque legend seattle center,47.62155312,-122.35081869
318,2019-04-07 21:37:16,less week away new homo erectus boylesque join us saturday april doors drink min,40.73379,-74.00215
319,2018-09-20 04:15:24,take walk wild side come see us weekend around world boylesque brunch noon thesanfernando live band,34.1,-118.33333333
320,2018-04-07 07:34:14,red amp gold someone say boylesque,45.50947,-73.5635099
321,2017-04-29 10:48:38,draqueen draglesque boylesque beardedqueen amp drag,50.84636,4.34969
322,2016-11-24 09:43:06,fianc getting pulled stage boylesque number much fun,47.60872361,-122.33738833
323,2019-06-22 03:04:43,part two boylesque drink coffee whiskey social,43.66417,-79.38006
324,2015-03-19 03:59:46,looking industrial laser mr bond dd thunderballs james bond boylesque,41.91636995,-87.68680668
325,2015-10-27 15:42:51,new event biore bang broadway beauties boylesque ave arts seattle wa,47.615469,-122.31685
326,2017-04-04 19:16:06,tonight bourbon boylesque downright stuffed talent local boylesque,29.95950888,-90.06485038
327,2018-11-03 19:17:42,hey new york ya less weeks catch sinner kit kat cabaret two shows friday night annual new york boylesque,40.7142,-74.0064
328,2015-10-27 15:39:17,new event biore bang broadway beauties boylesque ave arts seattle wa,47.615469,-122.31685
329,2017-01-06 20:28:27,bourbon boylesque shot roy guste blast,29.95950888,-90.06485038
330,2018-03-23 00:02:05,friday april come join french circus award winning international boylesque stars bring quirky brand new french inspired cabaret experience oui oui,39.7480987,-104.9956871
331,2018-06-30 17:33:34,loving new pink cabaret costume decided go clean version boylesque bones,39.7480566,-104.9956288
332,2014-10-26 04:27:44,packed tonight icon presents weekly saturdaze debut boylesque,40.76151217,-73.92354727
333,2017-03-07 02:30:17,raphaelburlesque man tastic cast tonight boylesque show,39.74814,-104.99567
334,2018-11-24 10:27:55,better get bed wake breakfast sausage boylesque brunch check seating show noon things sizzling final,34.01158,-118.49227
335,2016-03-13 21:46:22,repost booty underground burlesque boylesque everything,34.09747459,-118.27513877
336,2017-06-18 00:03:57,last night danger zone boylesque full length video find youtube,30.2955093,-97.7417374
337,2018-06-29 17:20:09,tonight members denver exploding boylesque scene tossing skivvies new nearly nude salute summer weenie put joystick gear come cabaret night,39.748099,-104.995687
338,2018-02-10 10:27:09,mister punch boylesque wake saturday like,59.3370854,18.06770325
339,2016-04-30 11:11:08,much beauty tag great night hosting nd annual seattle boylesque festival,47.60864,-122.33769
340,2015-05-13 12:51:06,boylesque big reveal boylesque festival two nights devoted male male identified burlesque,40.71669795,-74.00001602
341,2017-04-12 22:06:25,debuted dr facilier shadow man act last night downtown st boylesque act,34.045166,-118.249525
342,2018-06-23 17:12:38,ready first ever breakfast sausage boylesque show come enjoy bottomless mimosas delicious food amazing entertainment strut stuff,34.00018765,-118.48210608
343,2018-03-25 22:47:31,mister punch boylesque get repost ready,43.7833,11.25
344,2018-02-23 15:22:06,come join french circus award winning international boylesque stars bring quirky brand new french inspired cabaret experience oui oui stars luminous pariah paris original trojan original moscato extatique,39.7480987,-104.9956871
345,2017-12-30 04:53:18,lestrangemenagerie boylesque bones takes stage tonight frank n furter,39.74814,-104.99567
346,2016-08-27 16:16:50,great night wa semi finals boylesque final,-32.054778,115.75132763
347,2015-04-30 22:38:20,new event thunderballs james bond boylesque gorilla tango theatre chicago il,41.916468,-87.686668
348,2016-10-20 18:10:41,tonight therailsd new shows town diamond dogs boylesque come part kick,32.74679,-117.16076
349,2016-05-31 18:16:41,get tickets new york boylesque festival june,40.73974164,-73.98504135
350,2019-01-06 03:22:04,men boylesque show raphael de la ghetto wrangling bevy boys new boylesque tribute music kick weekend clocktower cocktails special guest headliner home chicago lucky bucky friday,39.748099,-104.995687
351,2018-01-03 06:18:41,boylesque bones shows us costumes parade name,39.74814,-104.99567
352,2018-07-09 18:33:15,bingo lot fun saturday raising money food gathers showtime want seats email jadeinblack com boylesque michigan,42.2407684,-83.6147385
353,2018-11-30 21:17:38,gr time working troyboy entertainment drinkatthedrink boylesque review last night debuted two new acts seen must,43.66417,-79.38006
354,2016-06-10 23:31:48,boylesque starts house yes,40.70686,-73.92353
355,2017-01-19 07:24:57,see guys tomorrow night therailsd san diego boylesque show,32.74679,-117.16076
356,2016-04-30 10:48:15,aftermath amazing seattle boylesque festival show lucky presence,47.60864,-122.33769
357,2015-10-04 11:10:25,boylesque un spectacle tonant plein de surprises voir absolument,43.419939,5.358332
358,2017-11-03 17:30:13,ny boylesque festival starting tonight kick teaser shows main event,40.74294,-74.00569
359,2016-07-03 20:58:38,last night danger zone boylesque show serving george michael father figure,30.2955093,-97.7417374
360,2017-09-21 11:25:07,amazing international boylesque performer fresh performing europe winning,-39.05872,174.09874
361,2016-02-26 02:01:48,excited mahooty designing costume vienna boylesque festival,40.69731644,-73.93489384
362,2018-04-06 22:19:05,come join french circus award winning international boylesque stars bring quirky brand new french inspired cabaret experience oui oui stars luminous pariah paris original pictured trojan original moscato extatique april,39.748099,-104.995687
363,2014-10-25 13:32:44,tonight icon presents weekly saturdaze debut boylesque,40.76151217,-73.92354727
364,2015-05-14 20:31:45,backstage first night boylesque fest vienna misssinaking,48.19784464,16.3489965
365,2014-10-25 13:35:22,tonight icon presents weekly saturdaze debut boylesque,40.76151217,-73.92354727
366,2016-12-19 23:45:09,aunz brawn beauty boylesque briefs australia queen avant garde drag dallas dellaforce adding,-33.81345207,151.21416016
367,2017-11-04 03:29:32,lestrangemenagerie raphaelburlesque bringing one hell boylesque number,39.74814,-104.99567
368,2018-07-03 13:29:35,non vedo l ora di tornare nell isola pi magica che io abbia mai conosciuto mister punch boylesque giulioaprin ready taormina burlesque festival,37.85203397,15.28539129
369,2015-05-09 21:52:03,new york boylesque festival fourth year row b b king blues club amp grill,40.75656966,-73.98852104
370,2016-12-10 05:13:01,boylesque,-37.86832,144.98677
371,2018-09-26 23:32:10,always pays look see maxie moon seattle boylesque star swinging chandelier pike place market artist,47.61019409,-122.34267377
372,2017-03-23 23:48:05,time performed boylesque set hollywood hotel rooftop,34.10121712,-118.32561318
373,2017-06-20 22:53:46,signed copy pantry palate boylesque brother halifax central,44.6429,-63.5753
374,2018-02-24 23:06:10,vintage modern classic comic enjoy burlesque boylesque variety award winning clocktower clockettes hosted famous mustachioed emcee naughty pierre saturday nights p must,39.7480987,-104.9956871
375,2018-10-19 19:03:43,back basement boylesque glory tomorrow amongst stellar variety lineup time travellers cabaret,51.5361754,-0.0770844
376,2018-02-17 23:10:05,tonight clock burlesque show features bewitching burlesque boylesque bellydance belly laughs clocktower clockettes guest emcee sofia soubrette p,39.7480987,-104.9956871
377,2015-08-21 14:43:52,tomorrow night minibarkc indy indie punk grrrl infused art rock boylesque good thymz derp,39.05752848,-94.59071016
378,2016-10-18 15:10:23,tuesday means ol time bourbon boylesque tonight oz week,29.95950888,-90.06485038
379,2018-11-11 21:49:03,gentlemansclubto november boylesque bump amp grind feature rubiemagnitude go go dancing night away doors show,43.6477999,-79.40447
380,2018-01-14 10:59:34,mr boylesque harry sc,40.7207559,-74.0007613
381,2018-07-09 06:05:39,cannot stop cuz keep em coming coming back back stay tuned upcoming boylesque performances summer,34.10152026,-118.32988825
382,2016-03-12 07:26:21,much ass love boylesque burlesque family kings,39.71536968,-104.9872359
383,2016-04-19 12:51:55,come boylesque get fucked right,-37.85818591,144.98350533
384,2015-11-10 01:41:43,new event boylesque ben mann annoyance theatre amp bar chicago il,41.939691,-87.651316
385,2019-04-08 14:38:40,brief sweat returns stonewall stage new homo erectus boylesque join us saturday april doors drink min briefsweat,40.73379,-74.00215
386,2016-10-23 16:23:11,tonight clocktower cocktails boylesque show starring circum simon hosted fannie,39.74814,-104.99567
387,2019-03-06 20:20:45,excited headlining tease cleveland burlesque anniversary party king boylesque march cleveland,41.571411,-81.57044
388,2015-01-25 13:00:17,boylesque surprenant du la fin rien ne laisse deviner ce qu il va ce passer et c est chaque,43.419939,5.358332
389,2018-04-19 19:47:31,boylesque board room hours sleep floating cloud,37.8029,-122.2721
390,2017-10-03 17:20:44,join us friday night screening first episode new boylesque web series,34.0450847,-118.252874
